--
-- PostgreSQL database dump
--

-- Dumped from database version 12.9 (Ubuntu 12.9-2.pgdg20.04+1)
-- Dumped by pg_dump version 12.9 (Ubuntu 12.9-2.pgdg20.04+1)

SET statement_timeout = 0;
SET lock_timeout = 0;
SET idle_in_transaction_session_timeout = 0;
SET client_encoding = 'UTF8';
SET standard_conforming_strings = on;
SELECT pg_catalog.set_config('search_path', '', false);
SET check_function_bodies = false;
SET xmloption = content;
SET client_min_messages = warning;
SET row_security = off;

DROP DATABASE universe;
--
-- Name: universe; Type: DATABASE; Schema: -; Owner: freecodecamp
--

CREATE DATABASE universe WITH TEMPLATE = template0 ENCODING = 'UTF8' LC_COLLATE = 'C.UTF-8' LC_CTYPE = 'C.UTF-8';


ALTER DATABASE universe OWNER TO freecodecamp;

\connect universe

SET statement_timeout = 0;
SET lock_timeout = 0;
SET idle_in_transaction_session_timeout = 0;
SET client_encoding = 'UTF8';
SET standard_conforming_strings = on;
SELECT pg_catalog.set_config('search_path', '', false);
SET check_function_bodies = false;
SET xmloption = content;
SET client_min_messages = warning;
SET row_security = off;

SET default_tablespace = '';

SET default_table_access_method = heap;

--
-- Name: discoverer; Type: TABLE; Schema: public; Owner: freecodecamp
--

CREATE TABLE public.discoverer (
    discoverer_id integer NOT NULL,
    name character varying(30) NOT NULL,
    discover_count integer
);


ALTER TABLE public.discoverer OWNER TO freecodecamp;

--
-- Name: discoverer_discoverer_id_seq; Type: SEQUENCE; Schema: public; Owner: freecodecamp
--

CREATE SEQUENCE public.discoverer_discoverer_id_seq
    AS integer
    START WITH 1
    INCREMENT BY 1
    NO MINVALUE
    NO MAXVALUE
    CACHE 1;


ALTER TABLE public.discoverer_discoverer_id_seq OWNER TO freecodecamp;

--
-- Name: discoverer_discoverer_id_seq; Type: SEQUENCE OWNED BY; Schema: public; Owner: freecodecamp
--

ALTER SEQUENCE public.discoverer_discoverer_id_seq OWNED BY public.discoverer.discoverer_id;


--
-- Name: galaxy; Type: TABLE; Schema: public; Owner: freecodecamp
--

CREATE TABLE public.galaxy (
    galaxy_id integer NOT NULL,
    name character varying(30) NOT NULL,
    description text,
    distance_in_kly integer,
    apparent_magnitude numeric(1,1)
);


ALTER TABLE public.galaxy OWNER TO freecodecamp;

--
-- Name: galaxy_galaxy_id_seq; Type: SEQUENCE; Schema: public; Owner: freecodecamp
--

CREATE SEQUENCE public.galaxy_galaxy_id_seq
    AS integer
    START WITH 1
    INCREMENT BY 1
    NO MINVALUE
    NO MAXVALUE
    CACHE 1;


ALTER TABLE public.galaxy_galaxy_id_seq OWNER TO freecodecamp;

--
-- Name: galaxy_galaxy_id_seq; Type: SEQUENCE OWNED BY; Schema: public; Owner: freecodecamp
--

ALTER SEQUENCE public.galaxy_galaxy_id_seq OWNED BY public.galaxy.galaxy_id;


--
-- Name: moon; Type: TABLE; Schema: public; Owner: freecodecamp
--

CREATE TABLE public.moon (
    moon_id integer NOT NULL,
    name character varying(30) NOT NULL,
    planet_id integer NOT NULL,
    distance_in_km integer,
    orbital_period_in_days integer
);


ALTER TABLE public.moon OWNER TO freecodecamp;

--
-- Name: moon_moon_id_seq; Type: SEQUENCE; Schema: public; Owner: freecodecamp
--

CREATE SEQUENCE public.moon_moon_id_seq
    AS integer
    START WITH 1
    INCREMENT BY 1
    NO MINVALUE
    NO MAXVALUE
    CACHE 1;


ALTER TABLE public.moon_moon_id_seq OWNER TO freecodecamp;

--
-- Name: moon_moon_id_seq; Type: SEQUENCE OWNED BY; Schema: public; Owner: freecodecamp
--

ALTER SEQUENCE public.moon_moon_id_seq OWNED BY public.moon.moon_id;


--
-- Name: planet; Type: TABLE; Schema: public; Owner: freecodecamp
--

CREATE TABLE public.planet (
    planet_id integer NOT NULL,
    name character varying(30) NOT NULL,
    diameter_in_km integer,
    has_life boolean,
    star_id integer NOT NULL
);


ALTER TABLE public.planet OWNER TO freecodecamp;

--
-- Name: planet_planet_id_seq; Type: SEQUENCE; Schema: public; Owner: freecodecamp
--

CREATE SEQUENCE public.planet_planet_id_seq
    AS integer
    START WITH 1
    INCREMENT BY 1
    NO MINVALUE
    NO MAXVALUE
    CACHE 1;


ALTER TABLE public.planet_planet_id_seq OWNER TO freecodecamp;

--
-- Name: planet_planet_id_seq; Type: SEQUENCE OWNED BY; Schema: public; Owner: freecodecamp
--

ALTER SEQUENCE public.planet_planet_id_seq OWNED BY public.planet.planet_id;


--
-- Name: star; Type: TABLE; Schema: public; Owner: freecodecamp
--

CREATE TABLE public.star (
    star_id integer NOT NULL,
    name character varying(30) NOT NULL,
    distance_in_ly numeric(5,1),
    is_spherical boolean,
    galaxy_id integer NOT NULL
);


ALTER TABLE public.star OWNER TO freecodecamp;

--
-- Name: star_star_id_seq; Type: SEQUENCE; Schema: public; Owner: freecodecamp
--

CREATE SEQUENCE public.star_star_id_seq
    AS integer
    START WITH 1
    INCREMENT BY 1
    NO MINVALUE
    NO MAXVALUE
    CACHE 1;


ALTER TABLE public.star_star_id_seq OWNER TO freecodecamp;

--
-- Name: star_star_id_seq; Type: SEQUENCE OWNED BY; Schema: public; Owner: freecodecamp
--

ALTER SEQUENCE public.star_star_id_seq OWNED BY public.star.star_id;


--
-- Name: discoverer discoverer_id; Type: DEFAULT; Schema: public; Owner: freecodecamp
--

ALTER TABLE ONLY public.discoverer ALTER COLUMN discoverer_id SET DEFAULT nextval('public.discoverer_discoverer_id_seq'::regclass);


--
-- Name: galaxy galaxy_id; Type: DEFAULT; Schema: public; Owner: freecodecamp
--

ALTER TABLE ONLY public.galaxy ALTER COLUMN galaxy_id SET DEFAULT nextval('public.galaxy_galaxy_id_seq'::regclass);


--
-- Name: moon moon_id; Type: DEFAULT; Schema: public; Owner: freecodecamp
--

ALTER TABLE ONLY public.moon ALTER COLUMN moon_id SET DEFAULT nextval('public.moon_moon_id_seq'::regclass);


--
-- Name: planet planet_id; Type: DEFAULT; Schema: public; Owner: freecodecamp
--

ALTER TABLE ONLY public.planet ALTER COLUMN planet_id SET DEFAULT nextval('public.planet_planet_id_seq'::regclass);


--
-- Name: star star_id; Type: DEFAULT; Schema: public; Owner: freecodecamp
--

ALTER TABLE ONLY public.star ALTER COLUMN star_id SET DEFAULT nextval('public.star_star_id_seq'::regclass);


--
-- Data for Name: discoverer; Type: TABLE DATA; Schema: public; Owner: freecodecamp
--

INSERT INTO public.discoverer VALUES (1, 'Galileo', NULL);
INSERT INTO public.discoverer VALUES (2, 'S. Nicholson', NULL);
INSERT INTO public.discoverer VALUES (3, 'C. Perrine', NULL);


--
-- Data for Name: galaxy; Type: TABLE DATA; Schema: public; Owner: freecodecamp
--

INSERT INTO public.galaxy VALUES (1, 'Milky Way', 'This is the galaxy that contains our solar system!', 0, NULL);
INSERT INTO public.galaxy VALUES (3, 'SMC', NULL, 200, NULL);
INSERT INTO public.galaxy VALUES (4, 'Andromeda', NULL, 2500, NULL);
INSERT INTO public.galaxy VALUES (5, 'Triangulum', NULL, 2900, NULL);
INSERT INTO public.galaxy VALUES (6, 'Centaurus', NULL, 13700, NULL);
INSERT INTO public.galaxy VALUES (2, 'LMC', NULL, 160000, 0.9);


--
-- Data for Name: moon; Type: TABLE DATA; Schema: public; Owner: freecodecamp
--

INSERT INTO public.moon VALUES (1, 'Moon', 2, NULL, NULL);
INSERT INTO public.moon VALUES (2, 'Deimos', 5, 23460, NULL);
INSERT INTO public.moon VALUES (3, 'Phobos', 5, 9270, NULL);
INSERT INTO public.moon VALUES (4, 'Adrastea', 6, 128980, NULL);
INSERT INTO public.moon VALUES (5, 'Aitne', 6, 23547000, NULL);
INSERT INTO public.moon VALUES (6, 'Amalthea', 6, 181300, NULL);
INSERT INTO public.moon VALUES (7, 'Ananke', 6, 21200000, NULL);
INSERT INTO public.moon VALUES (8, 'Aoede', 6, 23807655, NULL);
INSERT INTO public.moon VALUES (9, 'Autonoe', 6, 24122000, NULL);
INSERT INTO public.moon VALUES (10, 'Callisto', 6, 1883000, NULL);
INSERT INTO public.moon VALUES (12, 'Aegir', 7, NULL, NULL);
INSERT INTO public.moon VALUES (13, 'Albiorix', 7, NULL, NULL);
INSERT INTO public.moon VALUES (14, 'Anthe', 7, NULL, NULL);
INSERT INTO public.moon VALUES (15, 'Atlas', 7, NULL, NULL);
INSERT INTO public.moon VALUES (16, 'Bebhionn', 7, NULL, NULL);
INSERT INTO public.moon VALUES (17, 'Bergelmir', 7, NULL, NULL);
INSERT INTO public.moon VALUES (18, 'Calypso', 7, NULL, NULL);
INSERT INTO public.moon VALUES (19, 'Dione', 7, NULL, NULL);
INSERT INTO public.moon VALUES (20, 'Enceladus', 7, NULL, NULL);
INSERT INTO public.moon VALUES (21, 'Fenrir', 7, NULL, NULL);


--
-- Data for Name: planet; Type: TABLE DATA; Schema: public; Owner: freecodecamp
--

INSERT INTO public.planet VALUES (2, 'Earth', 12475, true, 1);
INSERT INTO public.planet VALUES (3, 'Mercury', 4879, false, 1);
INSERT INTO public.planet VALUES (4, 'Venus', 12104, false, 1);
INSERT INTO public.planet VALUES (5, 'Mars', 6729, false, 1);
INSERT INTO public.planet VALUES (6, 'Jupiter', 142984, false, 1);
INSERT INTO public.planet VALUES (7, 'Saturn', 120536, false, 1);
INSERT INTO public.planet VALUES (8, 'Uranus', 51118, false, 1);
INSERT INTO public.planet VALUES (9, 'Neptune', 49528, false, 1);
INSERT INTO public.planet VALUES (10, 'Pluto', 2376, false, 1);
INSERT INTO public.planet VALUES (11, 'Kepler-438b', NULL, NULL, 2);
INSERT INTO public.planet VALUES (13, 'Kepler-296e', NULL, NULL, 2);
INSERT INTO public.planet VALUES (14, 'Gliese 667 Cc', NULL, NULL, 2);


--
-- Data for Name: star; Type: TABLE DATA; Schema: public; Owner: freecodecamp
--

INSERT INTO public.star VALUES (2, 'Alpha Centauri', 4.2, NULL, 1);
INSERT INTO public.star VALUES (3, 'Bernards Star', 6.0, NULL, 1);
INSERT INTO public.star VALUES (4, 'Wolf 358', 7.7, NULL, 1);
INSERT INTO public.star VALUES (5, 'Lalande 21185', 8.3, NULL, 1);
INSERT INTO public.star VALUES (6, 'Sirius', 8.6, NULL, 1);
INSERT INTO public.star VALUES (1, 'Sun', 0.0, false, 1);


--
-- Name: discoverer_discoverer_id_seq; Type: SEQUENCE SET; Schema: public; Owner: freecodecamp
--

SELECT pg_catalog.setval('public.discoverer_discoverer_id_seq', 3, true);


--
-- Name: galaxy_galaxy_id_seq; Type: SEQUENCE SET; Schema: public; Owner: freecodecamp
--

SELECT pg_catalog.setval('public.galaxy_galaxy_id_seq', 6, true);


--
-- Name: moon_moon_id_seq; Type: SEQUENCE SET; Schema: public; Owner: freecodecamp
--

SELECT pg_catalog.setval('public.moon_moon_id_seq', 21, true);


--
-- Name: planet_planet_id_seq; Type: SEQUENCE SET; Schema: public; Owner: freecodecamp
--

SELECT pg_catalog.setval('public.planet_planet_id_seq', 14, true);


--
-- Name: star_star_id_seq; Type: SEQUENCE SET; Schema: public; Owner: freecodecamp
--

SELECT pg_catalog.setval('public.star_star_id_seq', 6, true);


--
-- Name: discoverer discoverer_name_key; Type: CONSTRAINT; Schema: public; Owner: freecodecamp
--

ALTER TABLE ONLY public.discoverer
    ADD CONSTRAINT discoverer_name_key UNIQUE (name);


--
-- Name: discoverer discoverer_pkey; Type: CONSTRAINT; Schema: public; Owner: freecodecamp
--

ALTER TABLE ONLY public.discoverer
    ADD CONSTRAINT discoverer_pkey PRIMARY KEY (discoverer_id);


--
-- Name: galaxy galaxy_name_key; Type: CONSTRAINT; Schema: public; Owner: freecodecamp
--

ALTER TABLE ONLY public.galaxy
    ADD CONSTRAINT galaxy_name_key UNIQUE (name);


--
-- Name: galaxy galaxy_pkey; Type: CONSTRAINT; Schema: public; Owner: freecodecamp
--

ALTER TABLE ONLY public.galaxy
    ADD CONSTRAINT galaxy_pkey PRIMARY KEY (galaxy_id);


--
-- Name: moon moon_name_key; Type: CONSTRAINT; Schema: public; Owner: freecodecamp
--

ALTER TABLE ONLY public.moon
    ADD CONSTRAINT moon_name_key UNIQUE (name);


--
-- Name: moon moon_pkey; Type: CONSTRAINT; Schema: public; Owner: freecodecamp
--

ALTER TABLE ONLY public.moon
    ADD CONSTRAINT moon_pkey PRIMARY KEY (moon_id);


--
-- Name: planet planet_name_key; Type: CONSTRAINT; Schema: public; Owner: freecodecamp
--

ALTER TABLE ONLY public.planet
    ADD CONSTRAINT planet_name_key UNIQUE (name);


--
-- Name: planet planet_pkey; Type: CONSTRAINT; Schema: public; Owner: freecodecamp
--

ALTER TABLE ONLY public.planet
    ADD CONSTRAINT planet_pkey PRIMARY KEY (planet_id);


--
-- Name: star star_name_key; Type: CONSTRAINT; Schema: public; Owner: freecodecamp
--

ALTER TABLE ONLY public.star
    ADD CONSTRAINT star_name_key UNIQUE (name);


--
-- Name: star star_pkey; Type: CONSTRAINT; Schema: public; Owner: freecodecamp
--

ALTER TABLE ONLY public.star
    ADD CONSTRAINT star_pkey PRIMARY KEY (star_id);


--
-- Name: moon moon_planet_id_fkey; Type: FK CONSTRAINT; Schema: public; Owner: freecodecamp
--

ALTER TABLE ONLY public.moon
    ADD CONSTRAINT moon_planet_id_fkey FOREIGN KEY (planet_id) REFERENCES public.planet(planet_id);


--
-- Name: planet planet_star_id_fkey; Type: FK CONSTRAINT; Schema: public; Owner: freecodecamp
--

ALTER TABLE ONLY public.planet
    ADD CONSTRAINT planet_star_id_fkey FOREIGN KEY (star_id) REFERENCES public.star(star_id);


--
-- Name: star star_galaxy_id_fkey; Type: FK CONSTRAINT; Schema: public; Owner: freecodecamp
--

ALTER TABLE ONLY public.star
    ADD CONSTRAINT star_galaxy_id_fkey FOREIGN KEY (galaxy_id) REFERENCES public.galaxy(galaxy_id);


--
-- PostgreSQL database dump complete
--

